{"cameraMode":{"drawMode":0,"name":"Shaded","section":"Shading Mode"},"sceneLighting":false,"audioPlay":false,"sceneViewState":{"showFog":false,"showMaterialUpdate":false,"showSkybox":false,"showFlares":false,"showImageEffects":false,"showParticleSystems":false},"in2DMode":false,"pivot":{"x":0.0009517669677734375,"y":0.8272780179977417,"z":0.000213623046875},"rotation":{"x":0.08993104845285416,"y":0.7715541124343872,"z":-0.11183637380599976,"w":0.6198410987854004},"size":14.173030853271485,"orthographic":true}