{"cameraMode":{"drawMode":0,"name":"Shaded","section":"Shading Mode"},"sceneLighting":true,"audioPlay":false,"sceneViewState":{"showFog":false,"showMaterialUpdate":false,"showSkybox":true,"showFlares":false,"showImageEffects":false,"showParticleSystems":false},"in2DMode":false,"pivot":{"x":5.7153639793396,"y":1.1295902729034424,"z":-46.862754821777347},"rotation":{"x":0.005674284417182207,"y":0.9935779571533203,"z":0.0581907257437706,"w":-0.09688478708267212},"size":2.1886730194091799,"orthographic":false}